Nome,Endereço,Data de nascimento,Cor,Sexo,Identidade,CPF,Estado
Maya Melo,"Sítio Maria Fernanda Alves, 24, Fazendinha, 96366-650 Fogaça / RR",1990-11-28,Parda,Feminino,35735799-6,857.314.206-53,RR
Isis Nogueira,"Pátio de Oliveira, 94, Baleia, 47037-558 Moura de Costa / RO",1991-01-15,Branca,Masculino,99505742-5,418.932.067-69,RO
Juan Casa Grande,"Condomínio Araújo, 56, São Benedito, 28770-488 Guerra / AC",2006-07-08,Indígena,Masculino,48808842-6,831.572.490-88,AC
Sra. Ísis Vasconcelos,"Rua de Rodrigues, 41, Biquinhas, 17572582 Siqueira de Goiás / TO",1962-11-13,Amarela,Masculino,12528346-4,018.372.645-62,TO
Mateus Albuquerque,"Trecho Levi Costela, 26, Vila Betânia, 52855860 Machado / AP",1960-11-18,Amarela,Masculino,42551238-1,417.965.208-02,AP
Marcelo Cardoso,"Fazenda Stephany Rodrigues, 30, Aguas Claras, 82988-854 Freitas / SC",1967-01-16,Preta,Masculino,84467092-6,162.473.580-08,SC
Dra. Maria Liz Nascimento,"Distrito Levi Lopes, 36, Fazendinha, 70018-906 Pereira de Silveira / PB",1979-02-11,Parda,Feminino,40529964-6,017.965.382-21,PB
Dra. Maria Alice Farias,"Quadra Rocha, 19, Vila Cloris, 69236-282 Macedo / AP",1976-07-02,Preta,Masculino,87884538-9,640.258.719-20,AP
Sr. João Felipe Leão,"Trecho Isadora Macedo, Santa Rita De Cássia, 07900-929 Pinto da Praia / MT",2000-03-15,Branca,Masculino,62525266-5,914.067.853-93,MT
Srta. Bárbara Gomes,"Condomínio Maria Vitória Albuquerque, 3, Betânia, 67824-612 Santos / SP",1998-07-07,Branca,Masculino,85901888-7,591.680.427-01,SP
Dra. Evelyn da Cruz,"Ladeira Araújo, 85, Tres Marias, 95691188 Correia / SE",1978-03-22,Branca,Masculino,37161879-2,137.958.264-46,SE
Heitor Moura,"Aeroporto Maya Costa, 7, Mirtes, 83522154 Fogaça / RS",1986-11-26,Indígena,Masculino,88304129-9,568.790.432-83,RS
Ana Julia Costa,"Praia Luiz Felipe Machado, São Gabriel, 88214321 Caldeira Grande / RS",1999-02-27,Preta,Feminino,96774276-6,652.903.418-89,RS
Srta. Ana Clara Sampaio,"Estação Miguel Pires, 361, Universo, 22202228 Rezende / MA",2005-11-06,Amarela,Masculino,59607013-1,160.534.728-08,MA
Maria Flor Pereira,"Estrada Ravi Lucca Rios, 980, Candelaria, 37521-402 Monteiro das Pedras / MS",2003-02-25,Parda,Masculino,76492679-0,741.963.520-06,MS
Isabella da Conceição,"Feira de Caldeira, 78, Vila São Francisco, 93467-857 Andrade / ES",2006-11-03,Indígena,Feminino,26900247-3,109.465.387-00,ES
Mariah Alves,"Núcleo Mariana Freitas, São Paulo, 85505-627 da Cruz de Vargas / PB",1959-08-16,Preta,Feminino,50326746-4,762.350.814-80,PB
Heloísa Aparecida,"Núcleo de Pastor, 902, Barroca, 38348-616 Ferreira / SE",1977-02-15,Indígena,Masculino,95317722-3,760.519.824-85,SE
Emanuella Campos,"Condomínio da Costa, 85, Camponesa 1ª Seção, 99402604 Lopes do Campo / GO",1989-01-14,Preta,Masculino,94060599-1,165.923.048-98,GO
Isabelly Sales,"Recanto Souza, 81, Vila Primeiro De Maio, 42709240 Fonseca de Borges / RO",1976-09-01,Indígena,Masculino,77701909-9,058.216.739-68,RO
Vinicius Teixeira,"Residencial de Farias, 91, Conjunto Santa Maria, 57511830 Ramos / GO",1967-06-07,Preta,Masculino,66378600-6,586.073.912-59,GO
Sra. Clarice Oliveira,"Distrito Siqueira, 96, Vila Rica, 58709-930 Rodrigues / CE",1999-08-08,Branca,Masculino,74228490-3,126.873.950-21,CE
Allana Cavalcante,"Recanto Correia, 719, Vila Maloca, 65000665 Cardoso de Caldeira / CE",1965-09-27,Parda,Feminino,84928241-7,291.573.460-70,CE
Ravi Lucca Andrade,"Recanto da Rosa, 760, São Lucas, 47091-848 Carvalho do Campo / CE",2001-02-15,Indígena,Feminino,71457234-2,415.260.789-02,CE
Guilherme Câmara,"Morro Bryan Ramos, 285, Granja De Freitas, 32133003 Borges da Mata / SC",2004-08-28,Parda,Masculino,89233888-6,724.158.603-44,SC
Rodrigo Ribeiro,"Estrada de da Conceição, 49, Aguas Claras, 85978466 Barbosa / AL",1965-11-02,Branca,Masculino,12442205-1,905.187.243-79,AL
Ravi Lucca Machado,"Colônia Costela, 2, Bandeirantes, 51025139 Ferreira das Flores / GO",1994-12-26,Parda,Masculino,63898931-7,234.960.851-42,GO
Dra. Isabella Câmara,"Aeroporto Cavalcante, 75, Vila Formosa, 45967-556 Gomes / ES",1999-07-03,Preta,Feminino,49536332-9,519.784.203-23,ES
Maria Luiza Pires,"Ladeira Santos, 33, Flavio De Oliveira, 73877-375 Vasconcelos / SE",1970-03-09,Preta,Feminino,44890816-9,459.103.687-10,SE
Danilo Sousa,"Viela Ferreira, 39, Corumbiara, 79617441 Cassiano / MT",1959-12-10,Parda,Feminino,48512419-2,187.460.293-03,MT
Bernardo Campos,"Vale Camargo, 70, Salgado Filho, 19956-742 Nogueira de Melo / AP",1993-06-03,Indígena,Feminino,13757884-0,263.907.185-86,AP
Alice da Cunha,"Estrada Novais, 70, Vila Havaí, 79472907 Leão do Amparo / CE",1989-07-22,Preta,Feminino,92878415-8,086.974.253-10,CE
Kamilly Martins,"Praça José Miguel Rios, 1, Gutierrez, 45522-452 Barbosa de Ribeiro / RR",1993-05-09,Amarela,Feminino,15345974-0,362.059.187-30,RR
Lavínia da Cunha,"Avenida de Garcia, 8, Pantanal, 01205-653 Correia / RR",2003-12-05,Amarela,Masculino,20801730-8,469.732.805-10,RR
Isaque da Cunha,"Avenida Sabrina Castro, 120, Pirineus, 16348-947 Moreira / AM",1968-05-13,Parda,Feminino,47862801-2,798.205.461-76,AM
Gabriela Alves,"Favela de Souza, 23, Jardim São José, 55202-435 Guerra / AL",2001-04-27,Indígena,Masculino,24119808-7,316.875.904-00,AL
Elisa Martins,"Passarela Vieira, 9, Ouro Minas, 75632-611 Brito da Praia / CE",1985-09-05,Indígena,Feminino,75494573-8,540.369.187-10,CE
Felipe Aparecida,"Estação de Macedo, 22, Maria Virgínia, 97859-460 Martins da Prata / RJ",1962-09-22,Parda,Masculino,71465562-3,795.061.238-02,RJ
Leonardo Cassiano,"Rodovia de Mendonça, 948, Vila Tirol, 91356202 Freitas Grande / PA",1963-02-24,Branca,Feminino,90581362-1,823.059.167-95,PA
Dr. Matheus Carvalho,"Campo de Araújo, Flavio De Oliveira, 00783-895 Jesus da Mata / MT",1978-01-17,Amarela,Masculino,17773006-2,728.639.104-69,MT
Ísis Câmara,"Avenida Monteiro, 49, Suzana, 94539-890 Fernandes / ES",1988-12-26,Branca,Masculino,94603969-2,048.165.237-07,ES
Mariane Santos,"Alameda de Pinto, 3, Vila Antena, 08152-513 Cardoso de Aparecida / TO",1972-05-09,Indígena,Masculino,21058732-8,183.407.296-40,TO
Sr. Alexandre Rezende,"Morro de Caldeira, 4, Alto Dos Pinheiros, 26449814 Caldeira / AM",1975-07-23,Preta,Masculino,93397313-2,174.635.809-20,AM
João Santos,"Sítio Camargo, 28, Boa Vista, 36805468 Fonseca / TO",1966-09-02,Parda,Feminino,36404424-7,548.716.923-37,TO
Bianca Nogueira,"Recanto da Rosa, 39, Lorena, 10578231 Nascimento dos Dourados / AP",1981-12-30,Preta,Masculino,56849571-5,812.649.537-55,AP
Júlia Castro,"Conjunto João Miguel Aparecida, 72, São Francisco Das Chagas, 62754-265 Cavalcante / DF",1985-09-13,Parda,Masculino,85334638-8,160.439.782-96,DF
Sophie Rezende,"Conjunto de da Conceição, Nossa Senhora De Fátima, 72442-231 Ferreira / AM",1977-01-19,Preta,Feminino,19566460-1,480.572.631-80,AM
Oliver Aragão,"Núcleo Stephany Pinto, 58, Beija Flor, 05805520 Vasconcelos / DF",1963-06-04,Parda,Masculino,24982606-3,831.275.690-68,DF
Eduarda Barros,"Via Moreira, 8, Betânia, 90741-041 Sampaio da Mata / SC",1972-10-11,Amarela,Masculino,75274052-0,195.864.730-66,SC
Nathan Nascimento,"Via Garcia, Vila Califórnia, 47298-584 Rezende de Rios / RJ",1968-12-17,Amarela,Masculino,62517999-1,469.827.153-37,RJ
Luiz Henrique Teixeira,"Estrada Ravi Lucca Machado, 5, Vila Coqueiral, 70031355 Marques de Minas / RO",1986-01-09,Preta,Masculino,58334438-4,854.612.970-30,RO
Vitória Duarte,"Avenida José Moreira, 83, Cruzeiro, 47642-375 Pacheco da Prata / MG",1983-10-05,Amarela,Feminino,66452042-7,729.463.510-25,MG
Sra. Ana Laura Duarte,"Alameda Emanuella Cardoso, 18, Confisco, 55686-073 Azevedo / PA",1974-10-27,Parda,Masculino,69629565-3,032.896.475-10,PA
João Gabriel Porto,"Condomínio Marcela Martins, 83, São Tomaz, 47751809 Nogueira Verde / MA",2006-10-17,Parda,Masculino,46079883-3,542.081.973-23,MA
Amanda Novaes,"Lago Correia, 56, Santana Do Cafezal, 49150-390 Cirino / RJ",1983-08-08,Amarela,Masculino,84309737-0,705.641.328-53,RJ
Cauê da Cunha,"Vila de Barros, 6, Nova Vista, 04544561 Melo / ES",1993-03-21,Amarela,Feminino,45269438-8,673.950.821-68,ES
Ana Cecília da Luz,"Residencial de Moreira, 65, Mariano De Abreu, 24470477 Sampaio / MS",1989-01-10,Amarela,Masculino,90552792-9,598.721.634-64,MS
Bárbara Brito,"Trevo Breno Aparecida, 24, Ermelinda, 04915-262 da Conceição / AP",2005-01-02,Indígena,Feminino,27738528-4,853.906.172-40,AP
Murilo Cavalcante,"Largo de Azevedo, 74, Conjunto Paulo Vi, 87248-755 Aragão da Mata / TO",1988-03-29,Parda,Masculino,93376815-7,930.145.627-34,TO
Isaque Martins,"Trevo de Andrade, 4, Manacas, 57473072 Marques de Abreu / TO",1963-08-18,Parda,Masculino,99127631-2,127.306.548-44,TO
Maria Nunes,"Quadra Emilly Sampaio, 28, São Salvador, 40789142 Alves / MT",1976-07-19,Amarela,Feminino,53146917-1,238.750.916-12,MT
Lorena Barbosa,"Largo de da Mata, 38, Conjunto Floramar, 86476-662 Camargo / PR",1993-01-11,Branca,Masculino,26917445-5,509.437.128-23,PR
Caleb Vieira,"Estação Maria Camargo, 150, Nova Vista, 06244130 Mendes Paulista / PE",1962-09-07,Indígena,Masculino,77216095-7,641.980.372-13,PE
Mirella da Luz,"Colônia Camila Fernandes, 95, Pompéia, 82418041 Siqueira de Fernandes / SE",1976-04-14,Amarela,Feminino,19923973-3,358.960.172-86,SE
Murilo Azevedo,"Trecho Correia, 37, Santo André, 47618264 Moraes de Rios / SE",1986-07-31,Branca,Masculino,30676787-2,945.638.701-10,SE
Ester Brito,"Fazenda Fernandes, 88, Vila Novo São Lucas, 11273-470 Melo / PA",2005-06-17,Amarela,Masculino,97400473-3,952.784.610-20,PA
Yuri Moraes,"Distrito Moraes, 17, Vila Pilar, 69588-330 Montenegro de Novaes / AL",1999-10-26,Branca,Masculino,29245898-0,348.105.796-20,AL
Valentim Casa Grande,"Residencial Farias, 85, Vila Paquetá, 10244-481 Vargas / PI",2000-01-07,Branca,Feminino,33073991-1,318.402.579-97,PI
Davi Lucas Sampaio,"Loteamento Ravy Nascimento, Vila Mantiqueira, 82701-294 Pinto das Pedras / PE",1990-09-25,Preta,Feminino,84913387-9,502.461.837-80,PE
Luiz Gustavo Fogaça,"Recanto Melo, 5, Primeiro De Maio, 38028-326 Gonçalves da Serra / RN",1988-09-05,Branca,Feminino,53241718-5,893.721.046-04,RN
Ana Farias,"Rodovia Melo, 86, Mariano De Abreu, 60825-951 Jesus da Praia / SC",1987-11-10,Amarela,Feminino,38088129-5,135.067.489-39,SC
Manuella Câmara,"Avenida Silveira, 6, Santa Rita De Cássia, 09538-974 Nogueira dos Dourados / GO",1985-01-20,Parda,Masculino,71590054-8,041.265.378-80,GO
Sra. Hellena da Mota,"Parque Vasconcelos, 450, Vila Petropolis, 68554731 Nogueira da Praia / GO",1997-04-17,Preta,Masculino,99817071-5,403.961.875-01,GO
Gabriel Costela,"Esplanada Bernardo Souza, 66, Ermelinda, 64264772 Fonseca do Campo / PB",1971-04-23,Preta,Masculino,58625856-3,769.312.508-68,PB
Beatriz Pimenta,"Loteamento Heloísa Camargo, 77, Comiteco, 43519-064 Jesus / BA",1998-08-07,Amarela,Masculino,10743545-5,807.632.954-00,BA
Maria Vitória Rios,"Rua de Sousa, 204, Vila São Gabriel Jacui, 16551-272 Marques / RJ",1966-01-17,Parda,Masculino,73529359-5,058.463.172-35,RJ
Davi Miguel da Costa,"Rua Josué da Rocha, 3, Palmeiras, 45585105 Câmara do Sul / BA",2005-07-23,Preta,Feminino,83649355-7,012.867.549-76,BA
Lavínia Teixeira,"Sítio Viana, 7, Coração Eucarístico, 84256-652 Moreira / RO",1971-04-09,Preta,Masculino,11180459-2,430.791.826-69,RO
Dante Lopes,"Conjunto Ribeiro, Nossa Senhora De Fátima, 06313-047 Farias / AL",1976-12-27,Indígena,Feminino,64366989-7,429.387.160-87,AL
Pedro Henrique Oliveira,"Campo Melissa Barros, 896, Vila Da Luz, 71961-710 Pimenta / PB",1977-01-13,Preta,Masculino,27955380-4,749.312.805-79,PB
Dr. Thiago Vasconcelos,"Sítio Rodrigues, 66, Jardim São José, 24127049 das Neves de Rodrigues / CE",1985-05-11,Amarela,Feminino,18513010-8,873.594.601-66,CE
Maitê Peixoto,"Praça de Silveira, 1, Outro, 69102-383 Vieira / PA",1971-10-07,Parda,Feminino,23160824-7,628.194.570-02,PA
Sr. Benicio Cirino,"Jardim da Conceição, 1, Baleia, 47666-629 Dias / DF",1998-08-05,Amarela,Masculino,66681365-7,487.365.210-35,DF
Luiz Miguel Nunes,"Campo de da Rocha, 18, São Benedito, 87588632 Camargo das Pedras / AC",1961-01-28,Branca,Masculino,17696368-5,407.291.835-05,AC
Ester Leão,"Trecho Helena Rezende, 99, Caetano Furquim, 68668676 Lima Verde / RO",1961-02-26,Parda,Masculino,68277324-8,389.510.742-50,RO
Valentim Costela,"Aeroporto de Leão, 79, São Salvador, 50261-319 Lopes / SP",1970-11-27,Preta,Masculino,24070315-0,719.023.586-86,SP
Sra. Stella Vasconcelos,"Praça Costa, 6, São João Batista, 85331435 Sá / TO",1971-02-25,Parda,Feminino,85257995-0,943.851.207-14,TO
Dr. Marcos Vinicius Albuquerque,"Recanto Ana Clara Nascimento, 45, Brasil Industrial, 03387-016 Leão / AL",1968-11-29,Amarela,Feminino,48945326-4,734.268.951-37,AL
Henry Castro,"Passarela Maria Eduarda Alves, 86, São Bento, 88852367 Pacheco de Lopes / RJ",1992-03-06,Parda,Feminino,16521463-5,531.286.749-73,RJ
Dr. Anthony Gabriel Monteiro,"Praça de Freitas, 63, Lourdes, 69988488 Melo / MS",1981-06-23,Amarela,Feminino,52825405-0,719.658.340-00,MS
Pedro Miguel Pastor,"Trecho Caio Martins, Serra Verde, 89987-644 Sousa do Sul / RS",1986-03-26,Parda,Feminino,40283590-1,501.647.392-70,RS
Mariah Gomes,"Campo Heitor Porto, 90, Vila Maria, 32082562 Rios dos Dourados / AM",1965-03-07,Preta,Feminino,48549976-0,159.824.703-41,AM
Sr. Luiz Henrique Cavalcante,"Recanto Júlia Porto, 8, Rio Branco, 27252-866 Carvalho / BA",1966-02-23,Branca,Feminino,47604541-0,529.647.801-02,BA
João Gabriel Correia,"Ladeira Macedo, 79, Castelo, 67225298 Farias do Campo / GO",1997-12-27,Indígena,Masculino,52264762-7,860.154.327-80,GO
Gael Henrique Casa Grande,"Passarela Silva, 40, Alto Vera Cruz, 44191355 Mendes Grande / MT",1978-03-02,Parda,Masculino,51776335-4,605.917.384-57,MT
Lorenzo Oliveira,"Colônia Vitor Nunes, 56, Vila Calafate, 27203652 Fogaça da Serra / GO",1973-07-01,Amarela,Feminino,66033096-1,185.490.672-02,GO
Juliana Campos,"Alameda Campos, Nossa Senhora Da Aparecida, 87449-923 Moreira da Prata / MA",1990-04-05,Parda,Feminino,65469132-3,284.397.615-46,MA
Leandro da Cunha,"Chácara de Fernandes, 44, Conjunto São Francisco De Assis, 88660-352 Moura / PI",2005-12-30,Amarela,Masculino,12943526-7,076.928.345-47,PI
Maria Flor Silva,"Rodovia Carvalho, 28, Vila Jardim Montanhes, 16784-376 Azevedo / AC",1961-05-09,Preta,Masculino,69687897-4,340.125.789-79,AC
Yasmin Machado,"Fazenda Fernanda Machado, 92, Barreiro, 34461-093 Montenegro / RN",1960-10-10,Parda,Masculino,88179734-2,893.401.562-42,RN
